Commit made at Sat Jul 20 01:32:10 UTC 2024
Commit made at Sat Jul 20 01:39:37 UTC 2024 with sticker: ğŸ™ Be thankful.
Commit made at Sat Jul 20 01:58:21 UTC 2024 with sticker: ğŸ‰ Celebrate every moment.
Commit made at Sun Jul 21 00:28:14 UTC 2024 with sticker: 😊 Keep smiling, it's contagious.
Commit made at Sun Jul 21 12:53:12 UTC 2024 with sticker: 🙌 Together we achieve more.
Commit made at Mon Jul 22 02:26:40 UTC 2024 with sticker: 🌟 Shine bright.
Commit made at Mon Jul 22 02:29:53 UTC 2024 with sticker: ğŸ‰ Celebrate every moment.
Commit made at Mon Jul 22 12:57:36 UTC 2024 with sticker: ğŸ˜ Stay cool, always.
Commit made at Tue Jul 23 02:25:23 UTC 2024 with sticker: ğŸ‘ Well done!
Commit made at Tue Jul 23 12:56:43 UTC 2024 with sticker: ğŸ˜ Follow your heart.
Commit made at Wed Jul 24 02:25:26 UTC 2024 with sticker: 😜 Be yourself, everyone else is taken.
Commit made at Wed Jul 24 12:56:34 UTC 2024 with sticker: ğŸ˜ Stay cool, always.
Commit made at Thu Jul 25 02:25:24 UTC 2024 with sticker: 😢 Tears are words the heart can't express.
